해시태그,빈도,언어,대상
수원화성,110,한글,MZ_국내
수원화성문화제,101,한글,MZ_국내
수원축제,79,한글,MZ_국내
세계유산축전수원화성,78,한글,MZ_국내
수원,68,한글,MZ_국내
수원시,61,한글,MZ_국내
화성행궁,46,한글,MZ_국내
힐링폴링수원화성,40,한글,MZ_국내
세계유산축전,32,한글,MZ_국내
힐링폴링,31,한글,MZ_국내
미디어아트수원화성,22,한글,MZ_국내
행궁동,22,한글,MZ_국내
축제,20,한글,MZ_국내
포스터,17,한글,MZ_국내
수원화성미디어아트,16,한글,MZ_국내
정조대왕,15,한글,MZ_국내
정조대왕능행차,14,한글,MZ_국내
미디어아트,14,한글,MZ_국내
장안공원,14,한글,MZ_국내
수원에서힐링,13,한글,MZ_국내
2023수원화성미디어아트,12,한글,MZ_국내
세계유산,12,한글,MZ_국내
의궤,12,한글,MZ_국내
10월에만난수원화성,12,한글,MZ_국내
수원문화재단,11,한글,MZ_국내
수원가볼만한곳,10,한글,MZ_국내
화서문,10,한글,MZ_국내
수원명소,10,한글,MZ_국내
축제프로그램,10,한글,MZ_국내
사전예약,10,한글,MZ_국내
